expert,mean_weight
GodClassExpert,0.42566816143120645
FeatureEnvyExpert,0.3107779682120123
LongMethodExpert,0.2635538703567812
