label,precision,recall,f1_score,support
GOD_CLASS,0.8,0.42105263157894735,0.5517241379310345,19
FEATURE_ENVY,0.2,0.3333333333333333,0.25,6
LONG_METHOD,0.23076923076923078,0.375,0.2857142857142857,8
